name,universe,lengthMeters,tags,images.main,images.gallery,links,description
Imperial I-class Star Destroyer,Star Wars,1600,"[""Capital Ship"", ""Warship"", ""Imperial"", ""Star Destroyer""]",https://static.wikia.nocookie.net/starwars/images/6/6e/ImperialIClassISD-SWCT.png,,,"The Imperial I-class Star Destroyer was a model of Imperial-class Star Destroyer in the service of the Imperial Navy. A wedge-shaped capital ship, it bristled with weapons emplacements, assault troops, boarding craft, and TIE fighters. At 1.6km long, it was the signature vessel of the Imperial fleet and represented the might of the Empire throughout the galaxy."
Executor-class Super Star Destroyer,Star Wars,19000,"[""Super Capital Ship"", ""Warship"", ""Imperial"", ""Super Star Destroyer""]",https://static.wikia.nocookie.net/starwars/images/3/30/Executor_BF2.png,,,"The Executor-class Star Dreadnought, also known as the Executor-class Super Star Destroyer or simply Super Star Destroyer, was a class of massive capital ships built by the Galactic Empire. At 19 kilometers long, the Executor was the largest traditional starship constructed by the Imperial Navy."
Millennium Falcon,Star Wars,34.75,"[""Light Freighter"", ""Smuggler"", ""Rebel Alliance"", ""Modified""]",https://static.wikia.nocookie.net/starwars/images/5/52/Millennium_Falcon_Fat_Turret_TLJ.png,,,"The Millennium Falcon was a YT-1300 light freighter that became famous as the personal starship of Han Solo and Chewbacca. Despite its aged appearance and numerous modifications, the Falcon was one of the fastest ships in the galaxy, famously making the Kessel Run in less than twelve parsecs."
X-Wing Starfighter,Star Wars,13.4,"[""Starfighter"", ""Rebel Alliance"", ""New Republic"", ""Multi-role""]",https://static.wikia.nocookie.net/starwars/images/8/8d/T65-X-Wing-Starfighter.png,,,"The T-65B X-wing starfighter was the primary all-purpose starfighter of the Rebel Alliance and its successor governments. Known for its versatility and exceptional combat performance, the X-wing became a symbol of the Rebellion's fight against the Empire."
TIE Fighter,Star Wars,6.3,"[""Starfighter"", ""Imperial"", ""Interceptor"", ""Short-range""]",https://static.wikia.nocookie.net/starwars/images/6/6e/TIE_fighter_DICE.png,,,"The TIE/ln space superiority starfighter, commonly known as the TIE fighter, was the signature starfighter of the Galactic Empire. Known for its distinctive howl when flying and twin ion engines, it was fast, agile, and produced in massive numbers."
Slave I,Star Wars,21.5,"[""Bounty Hunter"", ""Patrol Craft"", ""Modified"", ""Firespray-31""]",https://static.wikia.nocookie.net/starwars/images/b/ba/Slave_I_DICE.png,,,"Slave I was a modified Firespray-31-class patrol and attack craft used by the infamous bounty hunters Jango Fett and later his cloned son Boba Fett. The ship was heavily modified with advanced weaponry, stealth systems, and a distinctive vertical flight orientation."
Death Star,Star Wars,160000,"[""Battle Station"", ""Superweapon"", ""Imperial"", ""Space Station""]",https://static.wikia.nocookie.net/starwars/images/7/70/DSI-HDapproach.png,,,"The DS-1 Orbital Battle Station, commonly known as the Death Star, was the Galactic Empire's monstrous deep-space mobile battle station. At 160km in diameter, it was armed with a superlaser capable of destroying entire planets."
Venator-class Star Destroyer,Star Wars,1137,"[""Capital Ship"", ""Carrier"", ""Republic"", ""Clone Wars""]",https://static.wikia.nocookie.net/starwars/images/9/93/Venator2-SWE.png,,,"The Venator-class Star Destroyer, also known as the Republic attack cruiser, was the primary capital ship of the Galactic Republic during the Clone Wars. It served as both a warship and carrier for the Republic's clone trooper forces."
Home One,Star Wars,1300,"[""Capital Ship"", ""Cruiser"", ""Rebel Alliance"", ""Command Ship""]",https://static.wikia.nocookie.net/starwars/images/0/02/Home_Oone.png,,,"Home One, also known as the Headquarters Frigate, was an MC80A Home One Type Heavy Star Cruiser that served as the flagship of the Rebel Alliance fleet. It was Admiral Ackbar's personal command ship during the Battle of Endor."
Razor Crest,Star Wars,24,"[""Gunship"", ""Bounty Hunter"", ""Mandalorian"", ""ST-70""]",https://static.wikia.nocookie.net/starwars/images/8/80/Razor_Crest_IL.png,,,The Razor Crest was an ST-70 class Razor Crest M-111 Assault Ship used by the Mandalorian bounty hunter Din Djarin. It served as his personal transport and living quarters during his bounty hunting career.
Ghost,Star Wars,43.9,"[""Light Freighter"", ""Rebel Alliance"", ""VCX-100"", ""Modified""]",https://static.wikia.nocookie.net/starwars/images/5/5c/Ghost-SWE.png,,,The Ghost was a modified VCX-100 light freighter owned by the Twi'lek Hera Syndulla and used by the Spectres rebel cell during the early rebellion against the Galactic Empire.
Nebulon-B Frigate,Star Wars,300,"[""Frigate"", ""Rebel Alliance"", ""Medical"", ""Escort""]",https://static.wikia.nocookie.net/starwars/images/5/5b/EF76_Nebulon-B.png,,,"The EF76 Nebulon-B escort frigate was a capital ship used by the Imperial Navy and later the Rebel Alliance. Its distinctive spindly shape made it instantly recognizable, and it served various roles including medical transport and escort duty."
A-Wing Starfighter,Star Wars,9.6,"[""Starfighter"", ""Rebel Alliance"", ""Interceptor"", ""RZ-1""]",https://static.wikia.nocookie.net/starwars/images/e/ec/A-wing_DICE.png,,,"The RZ-1 A-wing interceptor was a wedge-shaped starfighter used by the Rebel Alliance. It was the fastest starfighter in the Alliance fleet, designed for hit-and-run attacks and intercepting enemy craft."
B-Wing Starfighter,Star Wars,16.9,"[""Starfighter"", ""Rebel Alliance"", ""Bomber"", ""Heavy Fighter""]",https://static.wikia.nocookie.net/starwars/images/6/67/A/SF-01_B-wing_starfighter.png,,,The A/SF-01 B-wing starfighter was a heavy assault starfighter used by the Rebel Alliance. Its distinctive gyroscopic cockpit allowed it to maintain orientation while the rest of the ship rotated around it.
Y-Wing Starfighter,Star Wars,23.4,"[""Starfighter"", ""Rebel Alliance"", ""Bomber"", ""BTL-A4""]",https://static.wikia.nocookie.net/starwars/images/9/97/BTL-A4_Y-wing_DICE.png,,,"The BTL-A4 Y-wing assault starfighter/bomber was a bomber used by the Rebel Alliance. Though older and slower than other starfighters, its durability and heavy weapons load made it a reliable ground-attack craft."
TIE Advanced x1,Star Wars,9.2,"[""Starfighter"", ""Imperial"", ""Prototype"", ""Darth Vader""]",https://static.wikia.nocookie.net/starwars/images/e/e6/TIE_Advanced_x1_DICE.png,,,"The TIE Advanced x1 was a prototype starfighter used by Darth Vader at the Battle of Yavin. It featured a hyperdrive and deflector shields, unlike standard TIE fighters."
Imperial Shuttle,Star Wars,20,"[""Shuttle"", ""Imperial"", ""Transport"", ""Lambda-class""]",https://static.wikia.nocookie.net/starwars/images/5/5c/Lambda-class_T-4a_shuttle.png,,,The Lambda-class T-4a shuttle was a standard Imperial transport used to ferry officers and dignitaries. Its distinctive tri-wing design made it one of the most recognizable shuttles in the galaxy.
Blockade Runner,Star Wars,150,"[""Corvette"", ""Rebel Alliance"", ""CR90"", ""Fast""]",https://static.wikia.nocookie.net/starwars/images/2/23/CR90_corvette_DICE.png,,,"The CR90 corvette, commonly known as the Blockade Runner, was a small, fast capital ship used by the Rebel Alliance. Princess Leia's Tantive IV was perhaps the most famous example."
Separatist Dreadnought,Star Wars,2828,"[""Capital Ship"", ""CIS"", ""Dreadnought"", ""Providence-class""]",https://static.wikia.nocookie.net/starwars/images/9/9e/Providence-class_Dreadnought.png,,,"The Providence-class Dreadnought was a capital ship used by the Confederacy of Independent Systems during the Clone Wars. General Grievous's flagship, the Invisible Hand, was a modified version of this class."
ARC-170 Starfighter,Star Wars,14.5,"[""Starfighter"", ""Republic"", ""Heavy Fighter"", ""Clone Wars""]",https://static.wikia.nocookie.net/starwars/images/3/35/ARC-170_Starfighter.png,,,"The ARC-170 starfighter was a heavy starfighter used by the Galactic Republic during the Clone Wars. It featured an astromech droid socket and was crewed by a pilot, navigator, and tail gunner."
USS Enterprise NCC-1701-D,Star Trek,642.5,"[""Galaxy-class"", ""Federation"", ""Exploration"", ""Flagship""]",https://static.wikia.nocookie.net/memory-alpha/images/5/54/USS_Enterprise-D%2C_TNG_Season_3-7.jpg,,,"The USS Enterprise NCC-1701-D was a Galaxy-class starship and the flagship of the United Federation of Planets. Under the command of Captain Jean-Luc Picard, it conducted exploration and diplomatic missions throughout the Alpha Quadrant."
USS Enterprise NCC-1701,Star Trek,288.6,"[""Constitution-class"", ""Federation"", ""Exploration"", ""Heavy Cruiser""]",https://static.wikia.nocookie.net/memory-alpha/images/2/2d/USS_Enterprise_NCC-1701.jpg,,,The USS Enterprise NCC-1701 was a Constitution-class heavy cruiser that became legendary under the command of Captain James T. Kirk. It conducted the five-year mission of exploration from 2265 to 2270.
USS Voyager NCC-74656,Star Trek,344.5,"[""Intrepid-class"", ""Federation"", ""Exploration"", ""Delta Quadrant""]",https://static.wikia.nocookie.net/memory-alpha/images/3/3a/USS_Voyager.jpg,,,"The USS Voyager was an Intrepid-class starship stranded in the Delta Quadrant by the Caretaker entity. Under Captain Kathryn Janeway, it undertook a 75-year journey home through uncharted space."
USS Defiant NX-74205,Star Trek,170.7,"[""Defiant-class"", ""Federation"", ""Warship"", ""Deep Space Nine""]",https://static.wikia.nocookie.net/memory-alpha/images/1/13/USS_Defiant_NX-74205.jpg,,,"The USS Defiant was a prototype warship designed to fight the Borg. Assigned to Deep Space 9 under Captain Benjamin Sisko, it became one of the most powerful ships in the Federation fleet."
Borg Cube,Star Trek,3000,"[""Borg"", ""Cube"", ""Assimilation"", ""Collective""]",https://static.wikia.nocookie.net/memory-alpha/images/8/84/Borg_cube.jpg,,,"The Borg cube was the primary starship of the Borg Collective. At 3km on each side, these massive vessels were capable of assimilating entire worlds and were nearly impervious to conventional weapons."
Klingon Bird-of-Prey,Star Trek,145,"[""Klingon"", ""Warship"", ""Romulan"", ""Scout""]",https://static.wikia.nocookie.net/memory-alpha/images/3/3d/Klingon_Bird-of-Prey.jpg,,,The Klingon Bird-of-Prey was a versatile warship used by both the Klingon Empire and Romulan Star Empire. Its distinctive wing design allowed for variable geometry configurations.
Romulan Warbird,Star Trek,1340,"[""Romulan"", ""D'deridex-class"", ""Warbird"", ""Cloaking""]",https://static.wikia.nocookie.net/memory-alpha/images/1/1d/D%27deridex_class.jpg,,,The D'deridex-class warbird was the primary capital ship of the Romulan Star Empire. Its distinctive green color and massive size made it one of the most feared vessels in the Alpha Quadrant.
USS Enterprise NCC-1701-E,Star Trek,685.3,"[""Sovereign-class"", ""Federation"", ""Flagship"", ""Picard""]",https://static.wikia.nocookie.net/memory-alpha/images/6/62/USS_Enterprise-E.jpg,,,"The USS Enterprise-E was a Sovereign-class starship and successor to the Enterprise-D. Under Captain Picard, it defended the Federation against the Borg and other threats."
Deep Space 9,Star Trek,1451,"[""Space Station"", ""Cardassian"", ""Federation"", ""Terok Nor""]",https://static.wikia.nocookie.net/memory-alpha/images/1/12/Deep_Space_9.jpg,,,"Deep Space 9 was a Cardassian space station converted for Federation use. Located near the Bajoran wormhole, it became a crucial strategic outpost and center of commerce and diplomacy."
USS Discovery NCC-1031,Star Trek,750,"[""Crossfield-class"", ""Federation"", ""Spore Drive"", ""Science Vessel""]",https://static.wikia.nocookie.net/memory-alpha/images/7/73/USS_Discovery.jpg,,,"The USS Discovery was a Crossfield-class science vessel equipped with an experimental spore drive, allowing it to jump instantly across vast distances of space."
USS Enterprise NCC-1701-A,Star Trek,305,"[""Constitution-class"", ""Federation"", ""Refit"", ""Kirk""]",https://static.wikia.nocookie.net/memory-alpha/images/6/6e/USS_Enterprise-A.jpg,,,The USS Enterprise-A was a Constitution-class refit starship given to Captain Kirk's crew after the destruction of the original Enterprise. It served in the late 23rd century.
Ferengi Marauder,Star Trek,390,"[""Ferengi"", ""D'Kora-class"", ""Marauder"", ""Commerce""]",https://static.wikia.nocookie.net/memory-alpha/images/4/4c/D%27Kora_class.jpg,,,"The D'Kora-class marauder was the primary starship of the Ferengi Alliance. Designed for both commerce and combat, it was heavily armed for a vessel of its size."
Jem'Hadar Attack Ship,Star Trek,95,"[""Dominion"", ""Jem'Hadar"", ""Attack Ship"", ""Fighter""]",https://static.wikia.nocookie.net/memory-alpha/images/0/0a/Jem%27Hadar_attack_ship.jpg,,,The Jem'Hadar attack ship was the primary small craft of the Dominion. These heavily armed vessels were crewed by Jem'Hadar soldiers and could take on much larger opponents.
Cardassian Galor-class,Star Trek,370,"[""Cardassian"", ""Warship"", ""Galor-class"", ""Military""]",https://static.wikia.nocookie.net/memory-alpha/images/8/8e/Galor_class.jpg,,,The Galor-class was the primary warship of the Cardassian Union. Its distinctive spoon-shaped hull made it one of the most recognizable vessels in the Alpha Quadrant.
Vulcan D'Kyr,Star Trek,600,"[""Vulcan"", ""Science Vessel"", ""D'Kyr-class"", ""Diplomatic""]",https://static.wikia.nocookie.net/memory-alpha/images/9/9c/D%27Kyr_type.jpg,,,The D'Kyr-class was a Vulcan science vessel used for both scientific research and diplomatic missions. Its distinctive ring-shaped warp drive was a hallmark of Vulcan design.
USS Cerritos NCC-75567,Star Trek,550,"[""California-class"", ""Federation"", ""Support"", ""Lower Decks""]",https://static.wikia.nocookie.net/memory-alpha/images/8/8a/USS_Cerritos.png,,,"The USS Cerritos was a California-class support vessel assigned to second contact missions. Under Captain Carol Freeman, its crew handled the less glamorous but essential tasks of Starfleet operations."
Battlestar Galactica,Battlestar Galactica,1438,"[""Battlestar"", ""Colonial"", ""Carrier"", ""Warship""]",https://static.wikia.nocookie.net/galactica/images/8/8a/Galactica.jpg,,,"The Battlestar Galactica was a Jupiter-class battlestar and one of the oldest ships in the Colonial Fleet. Under Commander Adama, it survived the Cylon attack and led the fleet of survivors to Earth."
Battlestar Pegasus,Battlestar Galactica,1615,"[""Battlestar"", ""Mercury-class"", ""Colonial"", ""Warship""]",https://static.wikia.nocookie.net/galactica/images/9/9c/Pegasus.jpg,,,"The Battlestar Pegasus was a Mercury-class battlestar under the command of Admiral Helena Cain. More advanced than Galactica, it was a formidable warship that survived the Cylon attack on the Colonies."
Colonial Viper Mk II,Battlestar Galactica,8.4,"[""Starfighter"", ""Colonial"", ""Viper"", ""Interceptor""]",https://static.wikia.nocookie.net/galactica/images/3/3c/Viper_Mk_II.jpg,,,"The Viper Mark II was the primary space superiority fighter of the Colonial Military during the First Cylon War. Though obsolete by the time of the Fall, it remained a capable fighter in the right hands."
Cylon Basestar,Battlestar Galactica,1030,"[""Basestar"", ""Cylon"", ""Carrier"", ""Bio-mechanical""]",https://static.wikia.nocookie.net/galactica/images/5/5c/Basestar.jpg,,,"The Basestar was the primary capital ship of the Cylon fleet. Unlike Colonial battlestars, basestars were partially organic and carried massive numbers of Raiders for fighter combat."
Cylon Raider,Battlestar Galactica,6.5,"[""Starfighter"", ""Cylon"", ""Raider"", ""Bio-mechanical""]",https://static.wikia.nocookie.net/galactica/images/2/2c/Cylon_Raider.jpg,,,The Cylon Raider was the primary fighter craft of the Cylon fleet. The modern version was a bio-mechanical craft that was partially alive and could be resurrected after destruction.
Colonial Raptor,Battlestar Galactica,9.5,"[""Support Craft"", ""Colonial"", ""Raptor"", ""Multi-role""]",https://static.wikia.nocookie.net/galactica/images/1/1c/Raptor.jpg,,,"The Raptor was a multi-role support craft used by the Colonial Fleet. It served as a scout, electronic warfare platform, transport, and bomber, making it one of the most versatile craft in the fleet."
SSV Normandy SR-1,Mass Effect,155,"[""Stealth Reconnaissance"", ""Systems Alliance"", ""Frigate"", ""Prototype""]",https://static.wikia.nocookie.net/masseffect/images/0/0d/Normandy_SR-1.png,,,"The SSV Normandy SR-1 was a Systems Alliance frigate and prototype stealth reconnaissance ship. Under Commander Shepard, it became the most advanced ship in the Alliance fleet."
Normandy SR-2,Mass Effect,196,"[""Stealth Reconnaissance"", ""Cerberus"", ""Alliance"", ""Frigate""]",https://static.wikia.nocookie.net/masseffect/images/5/52/Normandy_SR-2.png,,,"The Normandy SR-2 was a larger, more advanced successor to the SR-1. Built by Cerberus and later returned to Alliance service, it served as Commander Shepard's command vessel against the Reapers."
Reaper Destroyer,Mass Effect,2000,"[""Reaper"", ""Destroyer"", ""Synthetic"", ""Harbinger""]",https://static.wikia.nocookie.net/masseffect/images/8/8d/Reaper_Destroyer.png,,,"Reaper Destroyers were mid-sized Reaper capital ships, smaller than Sovereign-class vessels but still capable of devastating entire cities. They served as the primary ground assault craft of the Reaper fleet."
Reaper Sovereign,Mass Effect,2000,"[""Reaper"", ""Capital Ship"", ""Synthetic"", ""Ancient""]",https://static.wikia.nocookie.net/masseffect/images/9/9e/Sovereign.png,,,Sovereign was a Reaper vanguard left behind to monitor the galaxy and initiate the next cycle of extinction. It could indoctrinate organic minds and was nearly indestructible by conventional means.
Citadel,Mass Effect,44500,"[""Space Station"", ""Prothean"", ""Political Hub"", ""Mass Relay""]",https://static.wikia.nocookie.net/masseffect/images/3/3f/Citadel.png,,,"The Citadel was a massive space station that served as the political, cultural, and financial capital of the galaxy. It was actually a dormant mass relay designed to summon the Reapers."
Alliance Cruiser,Mass Effect,707,"[""Cruiser"", ""Systems Alliance"", ""Warship"", ""Dreadnought""]",https://static.wikia.nocookie.net/masseffect/images/1/1c/Alliance_Cruiser.png,,,"Systems Alliance cruisers were the backbone of the Alliance Navy. Armed with mass accelerator cannons, they were capable of engaging much larger vessels through coordinated tactics."
Destiny Ascension,Mass Effect,1000,"[""Dreadnought"", ""Asari"", ""Flagship"", ""Citadel Fleet""]",https://static.wikia.nocookie.net/masseffect/images/2/2d/Destiny_Ascension.png,,,"The Destiny Ascension was the flagship of the Citadel Fleet and the most powerful warship in the galaxy. An asari dreadnought, it served as the personal vessel of the Citadel Council."
Geth Dreadnought,Mass Effect,1300,"[""Dreadnought"", ""Geth"", ""Heretic"", ""Synthetics""]",https://static.wikia.nocookie.net/masseffect/images/4/4e/Geth_Dreadnought.png,,,The Geth Dreadnought was a massive geth warship that served as a server hub for millions of geth programs. It was one of the largest vessels constructed by the geth collective.
Quarian Liveship,Mass Effect,5000,"[""Liveship"", ""Quarian"", ""Civilian"", ""Migrant Fleet""]",https://static.wikia.nocookie.net/masseffect/images/1/1a/Liveship.png,,,"Quarian Liveships were massive agricultural vessels that sustained the Migrant Fleet. They were the most important ships in the flotilla, carrying the majority of the quarian population."
Collector Cruiser,Mass Effect,1004,"[""Cruiser"", ""Collector"", ""Reaper"", ""Prothean""]",https://static.wikia.nocookie.net/masseffect/images/3/3c/Collector_Cruiser.png,,,"The Collector Cruiser was the primary vessel of the Collectors, a mysterious race that abducted human colonists. It was actually a modified Prothean vessel repurposed by the Reapers."
UNSC Pillar of Autumn,Halo,1170,"[""Halcyon-class"", ""UNSC"", ""Cruiser"", ""Spartan-II""]",https://static.wikia.nocookie.net/halo/images/9/9e/Pillar_of_Autumn.png,,,The UNSC Pillar of Autumn was a Halcyon-class light cruiser that served as Master Chief's escape vessel from Reach. It carried the last Spartan-II and an AI named Cortana to Installation 04.
UNSC Infinity,Halo,5694,"[""Infinity-class"", ""UNSC"", ""Supercarrier"", ""Flagship""]",https://static.wikia.nocookie.net/halo/images/8/8e/UNSC_Infinity.png,,,"The UNSC Infinity was the largest and most advanced vessel in the UNSC Navy. Equipped with Forerunner technology, it served as the flagship of the UNSC fleet and a training vessel for Spartan-IVs."
UNSC Forward Unto Dawn,Halo,490,"[""Charon-class"", ""UNSC"", ""Frigate"", ""Halo 3""]",https://static.wikia.nocookie.net/halo/images/5/5e/Forward_Unto_Dawn.png,,,The UNSC Forward Unto Dawn was a Charon-class light frigate that served alongside the Master Chief during the Battle of Earth and the Ark campaign. Its aft section was lost in space for years.
Covenant Assault Carrier,Halo,5346,"[""Assault Carrier"", ""Covenant"", ""Capital Ship"", ""Sangheili""]",https://static.wikia.nocookie.net/halo/images/3/3e/Covenant_Assault_Carrier.png,,,The CAS-class assault carrier was one of the largest vessels in the Covenant fleet. These massive ships served as flagships for Covenant fleets and could carry thousands of warriors.
Covenant Battlecruiser,Halo,1782,"[""Battlecruiser"", ""CCS-class"", ""Covenant"", ""Warship""]",https://static.wikia.nocookie.net/halo/images/1/1e/CCS-class_Battlecruiser.png,,,The CCS-class battlecruiser was the primary capital ship of the Covenant fleet. Its distinctive teardrop shape and powerful energy projectors made it a feared opponent.
Seraph,Halo,27.8,"[""Starfighter"", ""Covenant"", ""Interceptor"", ""Space Superiority""]",https://static.wikia.nocookie.net/halo/images/2/2e/Seraph.png,,,"The Type-31 Seraph was the primary exoatmospheric fighter of the Covenant. Fast and heavily armed, it was a match for most UNSC fighters despite being less maneuverable."
Banshee,Halo,7.1,"[""Starfighter"", ""Covenant"", ""Ground Support"", ""Atmospheric""]",https://static.wikia.nocookie.net/halo/images/1/1e/Banshee.png,,,The Type-26 Banshee was the primary ground support aircraft of the Covenant. Its distinctive wail and plasma cannons made it a terror to ground forces.
Longsword,Halo,64.1,"[""Starfighter"", ""UNSC"", ""Interceptor"", ""Bomber""]",https://static.wikia.nocookie.net/halo/images/2/2e/Longsword.png,,,"The GA-TL1 Longsword was the primary space superiority fighter of the UNSC Navy. Large and heavily armed, it could carry nuclear weapons and engage multiple targets simultaneously."
Pelican,Halo,30.5,"[""Dropship"", ""UNSC"", ""Transport"", ""Utility""]",https://static.wikia.nocookie.net/halo/images/1/1e/D77-TC_Pelican.png,,,"The D77-TC Pelican was the primary dropship of the UNSC. Capable of carrying troops, vehicles, and cargo, it was the workhorse of the UNSC military."
Phantom,Halo,33.8,"[""Dropship"", ""Covenant"", ""Transport"", ""Gunship""]",https://static.wikia.nocookie.net/halo/images/3/3e/Phantom.png,,,"The Type-52 Phantom was the primary dropship of the Covenant. Heavily armed and armored, it could carry a full lance of Covenant warriors into battle."
Forerunner Keyship,Halo,13000,"[""Keyship"", ""Forerunner"", ""Ancient"", ""Installation""]",https://static.wikia.nocookie.net/halo/images/1/1e/Keyship.png,,,Forerunner Keyships were massive vessels used to activate the Halo Array and transport life between worlds. The Prophet of Truth attempted to use one to activate the Ark.
USCSS Nostromo,Alien,334,"[""Commercial Towing"", ""Weyland-Yutani"", ""Freighter"", ""Lockmart""]",https://static.wikia.nocookie.net/avp/images/9/9e/USCSS_Nostromo.png,,,The USCSS Nostromo was a Lockmart CM-88B Bison M-Class star freighter owned by the Weyland-Yutani Corporation. Its ill-fated voyage in 2122 led to humanity's first encounter with the Xenomorph species.
USS Sulaco,Alien,385,"[""Conestoga-class"", ""USCM"", ""Troop Transport"", ""Warship""]",https://static.wikia.nocookie.net/avp/images/1/1e/USS_Sulaco.png,,,The USS Sulaco was a Conestoga-class troop transport used by the United States Colonial Marine Corps. It carried the ill-fated mission to LV-426 to investigate the loss of contact with Hadley's Hope colony.
USCSS Covenant,Alien,1219,"[""Colony Ship"", ""Weyland-Yutani"", ""Colonization"", ""USCSS""]",https://static.wikia.nocookie.net/avp/images/3/3c/USCSS_Covenant.png,,,"The USCSS Covenant was a colony ship on a mission to colonize Origae-6. Its crew discovered the planet LV-223, leading to a disastrous encounter with David's experiments."
USCSS Prometheus,Alien,130,"[""Scientific Explorer"", ""Weyland Corp"", ""Research"", ""LV-223""]",https://static.wikia.nocookie.net/avp/images/2/2e/USCSS_Prometheus.png,,,The USCSS Prometheus was a scientific exploration vessel sent to LV-223 to investigate signs of alien life. Its crew discovered the Engineers and the black liquid that would create the Xenomorph species.
The Betty,Alien,44.4,"[""Smuggler"", ""Unregistered"", ""Mercenary"", ""Resurrection""]",https://static.wikia.nocookie.net/avp/images/4/4e/The_Betty.png,,,The Betty was an unregistered smuggling vessel captained by Elgyn. Its crew of mercenaries was hired to deliver kidnapped humans to the USM Auriga for Xenomorph experiments.
Engineer Juggernaut,Alien,305,"[""Engineer"", ""Derelict"", ""Ancient"", ""Bio-weapon""]",https://static.wikia.nocookie.net/avp/images/1/1e/Juggernaut.png,,,"The Juggernaut was an Engineer spacecraft designed to carry biological weapons. The derelict on LV-426 was one such vessel, carrying Xenomorph eggs that would change human history."
BC-304 Daedalus,Stargate,225,"[""Deep Space Carrier"", ""Tau'ri"", ""Asgard"", ""Earth""]",https://static.wikia.nocookie.net/stargate/images/3/3e/BC-304_Daedalus.png,,,The BC-304 Daedalus was Earth's first deep-space carrier equipped with Asgard technology. It served as the primary defense vessel for Earth and support craft for the Atlantis expedition.
Ha'tak,Stargate,700,"[""Mothership"", ""Goa'uld"", ""Pyramid"", ""Gilded""]",https://static.wikia.nocookie.net/stargate/images/1/1e/Ha%27tak.png,,,The Ha'tak was the primary capital ship of the Goa'uld Empire. Its distinctive pyramid shape and golden hull made it a symbol of Goa'uld power throughout the galaxy.
Aurora-class Battleship,Stargate,3500,"[""Ancient"", ""Battleship"", ""Lantean"", ""Warship""]",https://static.wikia.nocookie.net/stargate/images/2/2e/Aurora-class.png,,,"The Aurora-class battleship was a warship used by the Lanteans in their war against the Wraith. One of the most powerful vessels ever built, it could take on multiple Hive ships."
Wraith Hive Ship,Stargate,11000,"[""Hive Ship"", ""Wraith"", ""Organic"", ""Cruiser""]",https://static.wikia.nocookie.net/stargate/images/3/3e/Wraith_Hive_Ship.png,,,"Wraith Hive ships were massive organic vessels that served as the primary warships and mobile bases of the Wraith. Grown rather than built, they were among the largest ships in the Pegasus Galaxy."
Ori Warship,Stargate,1100,"[""Ori"", ""Warship"", ""Supergate"", ""Prior""]",https://static.wikia.nocookie.net/stargate/images/1/1e/Ori_Warship.png,,,"Ori warships were the primary vessels of the Ori crusade. Equipped with powerful energy weapons and Ori shields, they were nearly invincible against conventional forces."
Puddle Jumper,Stargate,8,"[""Ancient"", ""Time Jumper"", ""Gateship"", ""Transport""]",https://static.wikia.nocookie.net/stargate/images/2/2e/Puddle_Jumper.png,,,"The Puddle Jumper was a small Ancient vessel designed to fit through Stargates. Used extensively by the Atlantis expedition, it was equipped with Ancient technology including cloaking and drones."
Destiny,Stargate,747,"[""Ancient"", ""Exploration"", ""Universe"", ""Automated""]",https://static.wikia.nocookie.net/stargate/images/4/4e/Destiny.png,,,"Destiny was an Ancient spacecraft launched millions of years ago to explore the universe. A team from Earth became stranded aboard it, forced to follow its automated mission through the far reaches of space."
F-302 Fighter,Stargate,14.26,"[""Tau'ri"", ""Fighter"", ""Interceptor"", ""Death Glider""]",https://static.wikia.nocookie.net/stargate/images/1/1e/F-302.png,,,"The F-302 was Earth's first operational space superiority fighter. Based on Goa'uld and Ancient technology, it could operate both in atmosphere and deep space."
Al'kesh,Stargate,35,"[""Goa'uld"", ""Bomber"", ""Mid-range"", ""Teal'c""]",https://static.wikia.nocookie.net/stargate/images/2/2e/Al%27kesh.png,,,"The Al'kesh was a Goa'uld mid-range bomber used for both atmospheric and space combat. Smaller than a Ha'tak but heavily armed, it was a versatile craft used by many Goa'uld System Lords."
Asgard O'Neill-class,Stargate,1500,"[""Asgard"", ""O'Neill-class"", ""Advanced"", ""Thor""]",https://static.wikia.nocookie.net/stargate/images/3/3e/O%27Neill-class.png,,,"The O'Neill-class was the most advanced warship ever built by the Asgard. Named after Jack O'Neill, it represented the pinnacle of Asgard technology before their extinction."
Rocinante,The Expanse,46,"[""Corvette-class"", ""MCRN"", ""Frigate"", ""Independent""]",https://static.wikia.nocookie.net/expanse/images/3/3e/Rocinante.png,,,"The Rocinante was a former MCRN Corvette-class light frigate, later commandeered by James Holden and his crew. It became one of the most important vessels in human history."
Donnager,The Expanse,475.5,"[""Donnager-class"", ""MCRN"", ""Battleship"", ""Flagship""]",https://static.wikia.nocookie.net/expanse/images/1/1e/MCRN_Donnager.png,,,"The MCRN Donnager was the flagship of the Martian Congressional Republic Navy. A Donnager-class battleship, it was one of the largest and most powerful ships in the solar system."
Canterbury,The Expanse,750,"[""Ice Hauler"", ""Pur'n'Kleen"", ""Civilian"", ""Water""]",https://static.wikia.nocookie.net/expanse/images/2/2e/Canterbury.png,,,The Canterbury was a Pur'n'Kleen Water Company ice hauler that supplied water to the Belt. Its destruction by a stealth ship triggered the events that led to the UN-MCR War.
Nauvoo,The Expanse,2460,"[""Generation Ship"", ""Mormon"", ""LDSS"", ""Behemoth""]",https://static.wikia.nocookie.net/expanse/images/4/4e/Nauvoo.png,,,"The LDSS Nauvoo was a massive generation ship built for the Church of Jesus Christ of Latter-day Saints. Later renamed the Behemoth and then Medina Station, it was the largest ship ever built by humanity."
Razorback,The Expanse,20,"[""Racing Pinnace"", ""Private"", ""Julie Mao"", ""Speed""]",https://static.wikia.nocookie.net/expanse/images/1/1e/Razorback.png,,,"The Razorback was a high-speed racing pinnace owned by Julie Mao. One of the fastest ships in the solar system, it was later used by the Rocinante crew for various missions."
Anubis,The Expanse,75,"[""Stealth Ship"", ""Protogen"", ""Amun-Ra-class"", ""Black Ops""]",https://static.wikia.nocookie.net/expanse/images/2/2e/Anubis.png,,,"The Anubis was a Protogen stealth ship of the Amun-Ra-class. It carried the protomolecule to Phoebe Station and later infected Eros, triggering the protomolecule crisis."
Scirocco,The Expanse,200,"[""Scirocco-class"", ""MCRN"", ""Cruiser"", ""Fleet""]",https://static.wikia.nocookie.net/expanse/images/3/3e/MCRN_Scirocco.png,,,The MCRN Scirocco was a Scirocco-class assault cruiser of the Martian Congressional Republic Navy. It served as a fleet command vessel during the UN-MCR Cold War.
Agatha King,The Expanse,376,"[""Truman-class"", ""UNN"", ""Dreadnought"", ""Earth""]",https://static.wikia.nocookie.net/expanse/images/1/1e/UNN_Agatha_King.png,,,The UNN Agatha King was a Truman-class dreadnought of the United Nations Navy. It served during the UN-MCR War and was involved in the Io campaign.
Imperial Retribution-class Battleship,Warhammer 40K,8000,"[""Battleship"", ""Imperial Navy"", ""Retribution-class"", ""Warship""]",https://static.wikia.nocookie.net/warhammer40k/images/1/1e/Retribution_Class.png,,,"The Retribution-class Battleship was one of the largest warships in the Imperial Navy. At 8km long, it was a symbol of the Emperor's wrath, capable of leveling entire continents from orbit."
Emperor-class Battleship,Warhammer 40K,8000,"[""Battleship"", ""Imperial Navy"", ""Emperor-class"", ""Carrier""]",https://static.wikia.nocookie.net/warhammer40k/images/2/2e/Emperor_Class.png,,,The Emperor-class Battleship was a massive carrier-battleship hybrid used by the Imperial Navy. It carried thousands of attack craft and enough firepower to destroy entire fleets.
Lunar-class Cruiser,Warhammer 40K,5000,"[""Cruiser"", ""Imperial Navy"", ""Lunar-class"", ""Workhorse""]",https://static.wikia.nocookie.net/warhammer40k/images/3/3e/Lunar_Class.png,,,"The Lunar-class Cruiser was the most common capital ship in the Imperial Navy. Reliable and versatile, it formed the backbone of Battlefleet Gothic and countless other sector fleets."
Gloriana-class Battleship,Warhammer 40K,20000,"[""Battleship"", ""Space Marine"", ""Gloriana-class"", ""Legion""]",https://static.wikia.nocookie.net/warhammer40k/images/4/4e/Gloriana_Class.png,,,"The Gloriana-class Battleship was a massive vessel used as flagships by the Primarchs during the Great Crusade. Each Legion had its own unique design, tailored to their combat doctrine."
Chaos Despoiler-class,Warhammer 40K,10000,"[""Battleship"", ""Chaos"", ""Despoiler-class"", ""Abaddon""]",https://static.wikia.nocookie.net/warhammer40k/images/5/5e/Despoiler_Class.png,,,"The Despoiler-class Battleship was the largest vessel in the Chaos fleet. Often serving as flagships for Chaos Lords, these corrupted vessels were nightmares given form."
Aeldari Craftworld,Warhammer 40K,10000000,"[""Craftworld"", ""Aeldari"", ""Eldar"", ""Worldship""]",https://static.wikia.nocookie.net/warhammer40k/images/6/6e/Craftworld.png,,,"Craftworlds were planetoid-sized worldships that housed the remnants of the Aeldari civilization. Each Craftworld was millions of kilometers in size, carrying billions of souls."
Necron Cairn-class Tomb Ship,Warhammer 40K,8000,"[""Tomb Ship"", ""Necron"", ""Cairn-class"", ""Ancient""]",https://static.wikia.nocookie.net/warhammer40k/images/7/7e/Cairn_Class.png,,,"The Cairn-class Tomb Ship was the primary capital ship of the Necron fleet. Made of living metal and armed with weapons that could strip targets atom by atom, it was nearly indestructible."
Ork Kill Kroozer,Warhammer 40K,5000,"[""Kroozer"", ""Ork"", ""Kill Kroozer"", ""Ramshackle""]",https://static.wikia.nocookie.net/warhammer40k/images/8/8e/Kill_Kroozer.png,,,"The Kill Kroozer was the primary warship of Ork pirate fleets. Built from salvaged hulks and scrap, these ramshackle vessels were surprisingly effective in combat."
Tyranid Hive Ship,Warhammer 40K,10000,"[""Hive Ship"", ""Tyranid"", ""Bio-ship"", ""Organic""]",https://static.wikia.nocookie.net/warhammer40k/images/9/9e/Hive_Ship.png,,,"Hive Ships were massive bio-ships that served as the primary vessels of Tyranid hive fleets. Grown rather than built, they carried millions of organisms and consumed entire worlds."
Tau Explorer-class,Warhammer 40K,3500,"[""Explorer"", ""Tau"", ""Fourth Sphere"", ""Expansion""]",https://static.wikia.nocookie.net/warhammer40k/images/1/1e/Explorer_Class.png,,,"The Explorer-class was the largest vessel in the Tau fleet, designed for long-range exploration and expansion. It carried entire colonies and served as mobile command centers."
Guild Heighliner,Dune,20000,"[""Heighliner"", ""Spacing Guild"", ""Foldspace"", ""Transport""]",https://static.wikia.nocookie.net/dune/images/1/1e/Heighliner.png,,,"Guild Heighliners were massive starships used by the Spacing Guild to transport people and cargo across the known universe. At 20km long, they could fold space to travel instantaneously."
Hunter-Seeker,Dune,0.5,"[""Hunter-Seeker"", ""Assassin"", ""Harkonnen"", ""Drone""]",https://static.wikia.nocookie.net/dune/images/2/2e/Hunter-Seeker.png,,,"The Hunter-Seeker was a small, floating assassination device used by House Harkonnen. Suspended by a Holtzman field, it could seek out and kill targets with a poisoned needle."
 ornithopter,Dune,12,"[""Ornithopter"", ""Atmospheric"", ""Transport"", ""Duncan Idaho""]",https://static.wikia.nocookie.net/dune/images/3/3e/Ornithopter.png,,,Ornithopters were winged aircraft used for atmospheric flight on Arrakis. They flapped their wings like birds and were the primary mode of transportation on the desert planet.
Babylon 5 Station,Babylon 5,8047,"[""Space Station"", ""Earth Alliance"", ""Diplomatic"", ""Last Best Hope""]",https://static.wikia.nocookie.net/babylon5/images/1/1e/Babylon_5.png,,,"Babylon 5 was the last of the Babylon stations, a five-mile-long space station designed to foster peace and diplomacy among the races of the galaxy. It was the last, best hope for peace."
Omega-class Destroyer,Babylon 5,1714,"[""Destroyer"", ""Earth Alliance"", ""Omega-class"", ""Warship""]",https://static.wikia.nocookie.net/babylon5/images/2/2e/Omega_Class.png,,,"The Omega-class Destroyer was the primary warship of the Earth Alliance. At 1.7km long, it combined heavy firepower with fighter carrying capacity, making it a versatile combat vessel."
White Star,Babylon 5,268,"[""Ranger"", ""Minbari"", ""Vorlon"", ""Advanced""]",https://static.wikia.nocookie.net/babylon5/images/3/3e/White_Star.png,,,"The White Star was a prototype vessel combining Minbari and Vorlon technology. Used by the Rangers and the Army of Light, it was one of the most advanced ships of its time."
Sharlin-class Warcruiser,Babylon 5,1600,"[""Warcruiser"", ""Minbari"", ""Sharlin-class"", ""Religious Caste""]",https://static.wikia.nocookie.net/babylon5/images/4/4e/Sharlin_Class.png,,,The Sharlin-class Warcruiser was the primary capital ship of the Minbari Federation. Its advanced stealth technology and powerful weapons made it nearly unbeatable in combat.
Shadow Battlecrab,Babylon 5,1000,"[""Shadow"", ""Battlecrab"", ""First Ones"", ""Organic""]",https://static.wikia.nocookie.net/babylon5/images/5/5e/Shadow_Battlecrab.png,,,Shadow Battlecrabs were the primary warships of the Shadows. These organic vessels could phase in and out of hyperspace and carried devastating weaponry.
Vorlon Dreadnought,Babylon 5,2000,"[""Vorlon"", ""Dreadnought"", ""First Ones"", ""Organic""]",https://static.wikia.nocookie.net/babylon5/images/6/6e/Vorlon_Dreadnought.png,,,Vorlon Dreadnoughts were massive organic vessels used by the Vorlon Empire. Their advanced technology and powerful weapons made them among the most feared ships in the galaxy.
Starfury,Babylon 5,9.56,"[""Starfury"", ""Earth Alliance"", ""Fighter"", ""Interceptor""]",https://static.wikia.nocookie.net/babylon5/images/7/7e/Starfury.png,,,The Starfury was the primary space superiority fighter of the Earth Alliance. Its unique design allowed for exceptional maneuverability in zero-gravity combat.
Narn G'Quan Cruiser,Babylon 5,1200,"[""Cruiser"", ""Narn"", ""G'Quan-class"", ""Regime""]",https://static.wikia.nocookie.net/babylon5/images/8/8e/G%27Quan_Class.png,,,"The G'Quan-class heavy cruiser was the primary capital ship of the Narn Regime. Built with help from the Centauri, it was a symbol of Narn independence and strength."
USG Ishimura,Dead Space,1615,"[""Planet Cracker"", ""CEC"", ""Ishimura-class"", ""Mining""]",https://static.wikia.nocookie.net/deadspace/images/1/1e/USG_Ishimura.png,,,The USG Ishimura was a Planet Cracker-class mining vessel and the flagship of the Concordance Extraction Corporation. Its discovery of the Red Marker on Aegis VII led to the Necromorph outbreak.
USG Kellion,Dead Space,25,"[""Repair Shuttle"", ""CEC"", ""Small"", ""Maintenance""]",https://static.wikia.nocookie.net/deadspace/images/2/2e/USG_Kellion.png,,,The USG Kellion was a small repair shuttle dispatched to the USG Ishimura to investigate a communications blackout. It carried Isaac Clarke and the team that would face the Necromorph horrors.
USM Valor,Dead Space,400,"[""Military"", ""EarthGov"", ""Destroyer"", ""Warship""]",https://static.wikia.nocookie.net/deadspace/images/3/3e/USM_Valor.png,,,The USM Valor was an EarthGov destroyer dispatched to retrieve the Red Marker from the Ishimura. It was destroyed after a Necromorph outbreak was triggered aboard.
Terra Nova,Dead Space,1800,"[""Colony Ship"", ""Sovereign Colonies"", ""Circle"", ""Wreck""]",https://static.wikia.nocookie.net/deadspace/images/4/4e/Terra_Nova.png,,,The SCAF Terra Nova was a Sovereign Colonies Armed Forces colony ship that participated in the expedition to Tau Volantis. It later became a derelict haunted by Necromorphs.
Hyperion,StarCraft,560,"[""Battlecruiser"", ""Terran"", ""Behemoth-class"", ""Flagship""]",https://static.wikia.nocookie.net/starcraft/images/1/1e/Hyperion.png,,,"The Hyperion was a Behemoth-class battlecruiser and the flagship of Raynor's Raiders. Under Jim Raynor's command, it became a symbol of resistance against the Dominion."
Terran Battlecruiser,StarCraft,1000,"[""Battlecruiser"", ""Terran"", ""Capital Ship"", ""Yamato""]",https://static.wikia.nocookie.net/starcraft/images/2/2e/Battlecruiser_SC2.png,,,"The Behemoth-class battlecruiser was the primary capital ship of the Terran Dominion. Armed with Yamato cannons and laser batteries, it was a formidable warship."
Protoss Carrier,StarCraft,1370,"[""Carrier"", ""Protoss"", ""Capital Ship"", ""Interceptor""]",https://static.wikia.nocookie.net/starcraft/images/3/3e/Carrier_SC2.png,,,The Carrier was the primary capital ship of the Protoss fleet. It carried squadrons of robotic Interceptors and was a symbol of Protoss technological superiority.
Void Ray,StarCraft,85,"[""Void Ray"", ""Protoss"", ""Siege"", ""Prismatic Beam""]",https://static.wikia.nocookie.net/starcraft/images/4/4e/Void_Ray_SC2.png,,,The Void Ray was a Protoss siege craft that channeled Void energy through prismatic beams. It was particularly effective against heavily armored targets.
Zerg Leviathan,StarCraft,11000,"[""Leviathan"", ""Zerg"", ""Bio-ship"", ""Kerrigan""]",https://static.wikia.nocookie.net/starcraft/images/5/5e/Leviathan_SC2.png,,,"The Leviathan was a massive Zerg bio-ship that served as a command vessel and troop transport. Grown from genetically modified space creatures, it could travel through warp space."
Wraith,StarCraft,12,"[""Wraith"", ""Terran"", ""Fighter"", ""Space Superiority""]",https://static.wikia.nocookie.net/starcraft/images/6/6e/Wraith_SC2.png,,,"The Wraith was a Terran space superiority fighter. Equipped with cloaking technology and air-to-air missiles, it was the primary fighter of the Terran military."
Mutalisk,StarCraft,8,"[""Mutalisk"", ""Zerg"", ""Air Unit"", ""Glave Wurm""]",https://static.wikia.nocookie.net/starcraft/images/7/7e/Mutalisk_SC2.png,,,The Mutalisk was a Zerg flying unit that attacked with glaive wurms. These bat-like creatures were the primary air force of the Zerg Swarm.
Scout,StarCraft,18,"[""Scout"", ""Protoss"", ""Fighter"", ""Anti-air""]",https://static.wikia.nocookie.net/starcraft/images/8/8e/Scout_SC2.png,,,"The Scout was a Protoss fighter used for reconnaissance and air superiority. Fast and agile, it was effective against both air and ground targets."
Serenity,Firefly,82,"[""Firefly-class"", ""Transport"", ""Independent"", ""Midbulk""]",https://static.wikia.nocookie.net/firefly/images/1/1e/Serenity.png,,,"Serenity was a Firefly-class transport ship captained by Malcolm Reynolds. Named after the Battle of Serenity Valley, it was home to a crew of smugglers and fugitives trying to make their way in the 'Verse."
Reaver Ship,Firefly,150,"[""Reaver"", ""Raider"", ""Modified"", ""Horror""]",https://static.wikia.nocookie.net/firefly/images/2/2e/Reaver_Ship.png,,,"Reaver ships were vessels captured and modified by the Reavers, savage raiders who lurked at the edge of known space. Covered in blood and bones, they were a terror to all who encountered them."
Avatar-class Titan,EVE Online,14764,"[""Titan"", ""Amarr"", ""Doomsday"", ""Jump Bridge""]",https://static.wikia.nocookie.net/eve/images/1/1e/Avatar.png,,,"The Avatar was the Amarr Empire's titan-class vessel. At nearly 15km long, it could mount doomsday weapons and create jump bridges for entire fleets."
Leviathan-class Titan,EVE Online,18714,"[""Titan"", ""Caldari"", ""Doomsday"", ""Missiles""]",https://static.wikia.nocookie.net/eve/images/2/2e/Leviathan.png,,,"The Leviathan was the Caldari State's titan-class vessel. At over 18km long, it was the largest vessel in the Caldari fleet and could devastate entire fleets with its doomsday weapon."
Ragnarok-class Titan,EVE Online,18127,"[""Titan"", ""Minmatar"", ""Doomsday"", ""Projectile""]",https://static.wikia.nocookie.net/eve/images/3/3e/Ragnarok.png,,,"The Ragnarok was the Minmatar Republic's titan-class vessel. At over 18km long, it combined massive firepower with the Minmatar's signature rugged design."
Erebus-class Titan,EVE Online,14764,"[""Titan"", ""Gallente"", ""Doomsday"", ""Hybrid""]",https://static.wikia.nocookie.net/eve/images/4/4e/Erebus.png,,,"The Erebus was the Gallente Federation's titan-class vessel. At nearly 15km long, it was a symbol of Gallente military might and democratic values."
Moros-class Dreadnought,EVE Online,3207,"[""Dreadnought"", ""Gallente"", ""Siege"", ""Capital""]",https://static.wikia.nocookie.net/eve/images/5/5e/Moros.png,,,"The Moros was the Gallente Federation's dreadnought-class vessel. At over 3km long, it could enter siege mode to deal devastating damage to structures and capital ships."
Widow-class Black Ops,EVE Online,620,"[""Black Ops"", ""Caldari"", ""Cloaking"", ""Covert""]",https://static.wikia.nocookie.net/eve/images/6/6e/Widow.png,,,The Widow was a Caldari Black Ops battleship designed for covert operations. It could use a jump portal to transport entire covert fleets behind enemy lines.
Rifter-class Frigate,EVE Online,45,"[""Frigate"", ""Minmatar"", ""Fast"", ""Newbie""]",https://static.wikia.nocookie.net/eve/images/7/7e/Rifter.png,,,"The Rifter was a Minmatar frigate known for its speed and versatility. A favorite of new pilots and veterans alike, it was one of the most iconic ships in New Eden."
Hive Dreadnaught,Destiny,25000,"[""Dreadnaught"", ""Hive"", ""Oryx"", ""Taken King""]",https://static.wikia.nocookie.net/destinypedia/images/1/1e/Dreadnaught.png,,,"The Dreadnaught was Oryx's personal vessel, carved from the corpse of the Worm God Akka. At 25km long, it was a throne world in physical space and home to the Taken."
Leviathan,Destiny,120000,"[""Leviathan"", ""Cabal"", ""Emperor Calus"", ""World-Eater""]",https://static.wikia.nocookie.net/destinypedia/images/2/2e/Leviathan.png,,,"The Leviathan was Emperor Calus's massive world-eating ship. At 120km in diameter, it consumed planets and processed them into royal wine for the Cabal Emperor."
The Traveler,Destiny,14000,"[""Traveler"", ""Light"", ""Paracausal"", ""Great Machine""]",https://static.wikia.nocookie.net/destinypedia/images/3/3e/Traveler.png,,,"The Traveler was a mysterious paracausal entity that granted humanity the Light and the power of the Guardians. At 14km in diameter, it hovered above the Last City."
Arcadia-class Jumpship,Destiny,25,"[""Jumpship"", ""Guardian"", ""Personal"", ""Transport""]",https://static.wikia.nocookie.net/destinypedia/images/4/4e/Arcadia_Jumpship.png,,,"The Arcadia-class jumpship was a common personal spacecraft used by Guardians. Fast and maneuverable, it was the primary means of travel for Guardians throughout the solar system."
Ketch,Destiny,800,"[""Ketch"", ""Fallen"", ""Eliksni"", ""Pirate""]",https://static.wikia.nocookie.net/destinypedia/images/5/5e/Ketch.png,,,The Ketch was a Fallen warship used by various Eliksni houses. These vessels served as mobile bases for Fallen pirates and scavengers throughout the system.
TCS Tiger's Claw,Wing Commander,700,"[""Bengal-class"", ""Confederation"", ""Carrier"", ""Strike Carrier""]",https://static.wikia.nocookie.net/wingcommander/images/1/1e/TCS_Tiger%27s_Claw.png,,,"The TCS Tiger's Claw was a Bengal-class strike carrier and the pride of the Terran Confederation fleet. Under Colonel Blair's command, it turned the tide of the Kilrathi War."
Rapier II,Wing Commander,24,"[""Fighter"", ""Confederation"", ""Medium Fighter"", ""F-44""]",https://static.wikia.nocookie.net/wingcommander/images/2/2e/Rapier_II.png,,,"The F-44 Rapier II was the premier medium fighter of the Terran Confederation. Fast, well-armed, and heavily shielded, it was a match for any Kilrathi fighter."
Hornet,Wing Commander,20,"[""Fighter"", ""Confederation"", ""Light Fighter"", ""Interceptor""]",https://static.wikia.nocookie.net/wingcommander/images/3/3e/Hornet.png,,,"The CF-117 Hornet was a light fighter used by the Terran Confederation. Though lightly armed, its speed and agility made it an effective interceptor."
Dralthi,Wing Commander,22,"[""Fighter"", ""Kilrathi"", ""Light Fighter"", ""Crescent""]",https://static.wikia.nocookie.net/wingcommander/images/4/4e/Dralthi.png,,,The Dralthi was the primary light fighter of the Kilrathi Empire. Its distinctive crescent shape and mass drivers made it a dangerous opponent in the hands of skilled pilots.
Anaconda,Elite Dangerous,152.4,"[""Multirole"", ""Faulcon DeLacy"", ""Heavy"", ""Explorer""]",https://static.wikia.nocookie.net/elite-dangerous/images/1/1e/Anaconda.png,,,"The Anaconda was a versatile heavy ship manufactured by Faulcon DeLacy. Capable of exploration, combat, and trading, it was a favorite of experienced pilots."
Cobra Mk III,Elite Dangerous,27.1,"[""Multirole"", ""Faulcon DeLacy"", ""Classic"", ""Versatile""]",https://static.wikia.nocookie.net/elite-dangerous/images/2/2e/Cobra_Mk_III.png,,,The Cobra Mk III was a classic multirole ship that had been in production for centuries. Its versatility and affordability made it one of the most popular ships in the galaxy.
Sidewinder Mk I,Elite Dangerous,14.9,"[""Starter"", ""Faulcon DeLacy"", ""Cheap"", ""Light""]",https://static.wikia.nocookie.net/elite-dangerous/images/3/3e/Sidewinder.png,,,"The Sidewinder was the standard starter ship for new pilots. Cheap and easy to maintain, it was the first step on every commander's journey."
Federal Corvette,Elite Dangerous,167.2,"[""Combat"", ""Core Dynamics"", ""Federal"", ""Heavy""]",https://static.wikia.nocookie.net/elite-dangerous/images/4/4e/Federal_Corvette.png,,,"The Federal Corvette was a heavy combat vessel available only to officers of the Federation. Heavily armed and armored, it was one of the most powerful combat ships available."
Imperial Cutter,Elite Dangerous,192.6,"[""Multirole"", ""Gutamaya"", ""Imperial"", ""Luxury""]",https://static.wikia.nocookie.net/elite-dangerous/images/5/5e/Imperial_Cutter.png,,,"The Imperial Cutter was the largest ship available from the Empire. A symbol of wealth and status, it was used by Imperial nobility for both trade and combat."
Asp Explorer,Elite Dangerous,56.5,"[""Explorer"", ""Lakon"", ""Medium"", ""Long Range""]",https://static.wikia.nocookie.net/elite-dangerous/images/6/6e/Asp_Explorer.png,,,The Asp Explorer was a medium exploration vessel manufactured by Lakon Spaceways. Its excellent jump range and view from the cockpit made it a favorite of explorers.
Krait Mk II,Elite Dangerous,73.6,"[""Multirole"", ""Faulcon DeLacy"", ""Medium"", ""Fighter Bay""]",https://static.wikia.nocookie.net/elite-dangerous/images/7/7e/Krait_Mk_II.png,,,The Krait Mk II was a medium multirole vessel based on a classic design. It could carry a fighter bay while maintaining excellent combat capabilities.
Type-9 Heavy,Elite Dangerous,117.4,"[""Freighter"", ""Lakon"", ""Heavy"", ""Trading""]",https://static.wikia.nocookie.net/elite-dangerous/images/8/8e/Type-9_Heavy.png,,,The Type-9 Heavy was a massive freighter used for bulk trading. Its enormous cargo capacity made it the workhorse of galactic commerce.
The Ark,Transformers,2286,"[""Autobot"", ""Spacecraft"", ""Crash-landed"", ""Mount St. Hilary""]",https://static.wikia.nocookie.net/transformers/images/1/1e/The_Ark.png,,,"The Ark was the spacecraft that carried the Autobots from Cybertron to Earth. It crash-landed on Earth millions of years ago, with its occupants remaining in stasis until 1984."
Nemesis,Transformers,4023,"[""Decepticon"", ""Spacecraft"", ""Flagship"", ""Megatron""]",https://static.wikia.nocookie.net/transformers/images/2/2e/Nemesis.png,,,"The Nemesis was the Decepticon flagship commanded by Megatron. At over 4km long, it was one of the largest ships ever built on Cybertron, designed to raze entire planets."
Axalon,Transformers,75,"[""Maximal"", ""Exploration"", ""Beast Wars"", ""Primal""]",https://static.wikia.nocookie.net/transformers/images/3/3e/Axalon.png,,,The Axalon was a Maximal exploration vessel commanded by Optimus Primal. It pursued the Predacon criminal Megatron through transwarp space to prehistoric Earth.
Darkmount,Transformers,3000,"[""Decepticon"", ""Fortress"", ""Cybertron"", ""Straxus""]",https://static.wikia.nocookie.net/transformers/images/4/4e/Darkmount.png,,,"Darkmount was a massive Decepticon fortress on Cybertron. Capable of transforming into a mobile battle station, it was a symbol of Decepticon military might."
Samus's Gunship,Metroid,9.1,"[""Gunship"", ""Samus Aran"", ""Personal"", ""Chozo""]",https://static.wikia.nocookie.net/metroid/images/1/1e/Samus_Gunship.png,,,"Samus Aran's Gunship was her personal spacecraft and mobile base. Equipped with advanced Chozo technology, it served as her home between missions."
GFS Olympus,Metroid,800,"[""Battleship"", ""Galactic Federation"", ""Flagship"", ""Olympus-class""]",https://static.wikia.nocookie.net/metroid/images/2/2e/GFS_Olympus.png,,,"The GFS Olympus was the flagship of the Galactic Federation fleet. An Olympus-class battleship, it served as Admiral Dane's command vessel during the Phazon crisis."
Space Pirate Mothership,Metroid,1200,"[""Mothership"", ""Space Pirate"", ""Command"", ""Mother Brain""]",https://static.wikia.nocookie.net/metroid/images/3/3e/Space_Pirate_Mothership.png,,,The Space Pirate Mothership was the command vessel of the Space Pirate forces. It served as the base of operations for their raids on Federation space.
TARDIS,Doctor Who,3.1,"[""TARDIS"", ""Time Lord"", ""Time Travel"", ""Bigger Inside""]",https://static.wikia.nocookie.net/tardis/images/1/1e/TARDIS.png,,,"The TARDIS (Time And Relative Dimension In Space) was the Doctor's time machine. Disguised as a 1960s police box, it was dimensionally transcendental - bigger on the inside."
Dalek Saucer,Doctor Who,500,"[""Dalek"", ""Saucer"", ""Extermination"", ""Skaro""]",https://static.wikia.nocookie.net/tardis/images/2/2e/Dalek_Saucer.png,,,Dalek Saucers were the primary spacecraft of the Dalek Empire. These flying discs carried hundreds of Daleks and enough firepower to destroy entire planets.
Sontaran Mothership,Doctor Who,2000,"[""Sontaran"", ""Mothership"", ""Clone"", ""War""]",https://static.wikia.nocookie.net/tardis/images/3/3e/Sontaran_Mothership.png,,,Sontaran Motherships were massive vessels used by the Sontaran Empire. These warships carried thousands of clone warriors to battle across space and time.
Cyberman Ship,Doctor Who,800,"[""Cyberman"", ""Mondasian"", ""Cyber-fleet"", ""Upgrade""]",https://static.wikia.nocookie.net/tardis/images/4/4e/Cyberman_Ship.png,,,"Cyberman ships were the vessels used by the Cybermen in their campaigns of conversion. These cold, efficient vessels reflected the nature of their cybernetic crew."
Radiant Pillar BC1,No Man's Sky,35,"[""Fighter"", ""Starter"", ""Radiant Pillar"", ""Exotic""]",https://static.wikia.nocookie.net/nomanssky/images/1/1e/Radiant_Pillar.png,,,"The Radiant Pillar BC1 was the starting ship for many travelers. A reliable fighter-class vessel, it served explorers well in their first journeys across the galaxy."
Sentinel Interceptor,No Man's Sky,28,"[""Interceptor"", ""Sentinel"", ""Organic"", ""Corrupted""]",https://static.wikia.nocookie.net/nomanssky/images/2/2e/Sentinel_Interceptor.png,,,Sentinel Interceptors were organic ships created by the Sentinel forces. These biomechanical vessels could be recovered and piloted by travelers who proved themselves worthy.
Living Ship,No Man's Sky,42,"[""Living Ship"", ""Organic"", ""Void Egg"", ""Biological""]",https://static.wikia.nocookie.net/nomanssky/images/3/3e/Living_Ship.png,,,Living Ships were organic spacecraft grown from Void Eggs. These biological vessels required different maintenance than mechanical ships and had unique abilities.
Hearthian Ship,Outer Wilds,8,"[""Hearthian"", ""Timber Hearth"", ""Wooden"", ""Scout""]",https://static.wikia.nocookie.net/outerwilds/images/1/1e/Hearthian_Ship.png,,,"The Hearthian Ship was a primitive spacecraft built by the Hearthians using wood and salvaged technology. Despite its humble origins, it was capable of exploring the entire solar system."
Nomai Vessel,Outer Wilds,2000,"[""Nomai"", ""Ancient"", ""Warp Drive"", ""Escape Pod""]",https://static.wikia.nocookie.net/outerwilds/images/2/2e/Nomai_Vessel.png,,,The Nomai Vessel was a massive spacecraft that brought the Nomai to the Hearthian solar system. Its warp technology allowed instantaneous travel across vast distances.
Stranger,Outer Wilds,15000,"[""Stranger"", ""Owlks"", ""Ringworld"", ""Simulation""]",https://static.wikia.nocookie.net/outerwilds/images/3/3e/The_Stranger.png,,,The Stranger was a massive rotating ringworld built by the Owlks to escape the supernova. It contained a virtual reality simulation where the Owlks could live forever.
Frontier,Starfield,40,"[""Starter"", ""Constellation"", ""Exploration"", ""NASA-punk""]",https://static.wikia.nocookie.net/starfield/images/1/1e/Frontier.png,,,"The Frontier was the starting ship given to members of Constellation. A versatile exploration vessel, it was the first step on every spacefarer's journey in the Settled Systems."
The Eye,Starfield,200,"[""Station"", ""Constellation"", ""Observation"", ""Space Station""]",https://static.wikia.nocookie.net/starfield/images/2/2e/The_Eye.png,,,The Eye was Constellation's space station dedicated to deep space observation. It served as a hub for the organization's exploration efforts throughout the Settled Systems.
The Key,Starfield,500,"[""Station"", ""Crimson Fleet"", ""Pirate"", ""Space Station""]",https://static.wikia.nocookie.net/starfield/images/3/3e/The_Key.png,,,"The Key was the Crimson Fleet's space station and headquarters. A former United Colonies facility, it became the center of pirate operations in the Kryx system."
